Row Labels,MOVIE
tm10,1
tm1000095,1
tm100035,1
tm100049,1
tm100058,1
tm1000681,1
tm100098,1
tm1001483,1
tm1002386,1
tm1005150,1
tm100656,1
tm100704,1
tm100859,1
tm101053,1
tm101073,1
tm10112,1
tm101146,1
tm101190,1
tm101263,1
tm101272,1
tm101387,1
tm101406,1
tm101429,1
tm1015890,1
tm101596,1
tm101597,1
tm101621,1
tm1016332,1
tm101680,1
tm1017409,1
tm1018179,1
tm1018180,1
tm101890,1
tm1019345,1
tm1019871,1
tm1020165,1
tm102067,1
tm102091,1
tm102092,1
tm102106,1
tm102257,1
tm102269,1
tm1023082,1
tm102337,1
tm102394,1
tm1023985,1
tm102440,1
tm102441,1
tm102502,1
tm10254,1
tm102621,1
tm102701,1
tm10274,1
tm102776,1
tm102887,1
tm1029297,1
tm102938,1
tm102966,1
tm103037,1
tm1031132,1
tm1031271,1
tm10313,1
tm1031648,1
tm103227,1
tm103236,1
tm1032543,1
tm103259,1
tm1033249,1
tm1035228,1
tm1035252,1
tm103554,1
tm1036562,1
tm1036591,1
tm103694,1
tm103706,1
tm1037456,1
tm1037532,1
tm1037834,1
tm1038183,1
tm1038253,1
tm103877,1
tm1038789,1
tm10388,1
tm1039684,1
tm1041075,1
tm104131,1
tm1042072,1
tm104229,1
tm1042385,1
tm104339,1
tm1043724,1
tm1044068,1
tm1045140,1
tm1045387,1
tm1045743,1
tm1045774,1
tm1045875,1
tm10466,1
tm1046744,1
tm1047284,1
tm1048591,1
tm1048631,1
tm1048640,1
tm1048645,1
tm1048659,1
tm1048663,1
tm104883,1
tm104934,1
tm105027,1
tm105040,1
tm105088,1
tm105127,1
tm105203,1
tm105233,1
tm1055,1
tm105539,1
tm105641,1
tm1057195,1
tm105881,1
tm105967,1
tm105976,1
tm1059945,1
tm106126,1
tm106134,1
tm106238,1
tm1062872,1
tm106289,1
tm1063493,1
tm106357,1
tm1065494,1
tm1065739,1
tm1065887,1
tm1066107,1
tm1067128,1
tm10672,1
tm106814,1
tm1069463,1
tm1069971,1
tm1072577,1
tm10732,1
tm1073248,1
tm107359,1
tm107415,1
tm1074889,1
tm1075118,1
tm1076044,1
tm1076487,1
tm1076560,1
tm1076639,1
tm1077020,1
tm107754,1
tm107842,1
tm107901,1
tm1079301,1
tm1080107,1
tm108160,1
tm108185,1
tm1082029,1
tm1082045,1
tm1082305,1
tm108242,1
tm1082718,1
tm108290,1
tm1082932,1
tm108302,1
tm108332,1
tm108434,1
tm108542,1
tm1085585,1
tm108603,1
tm108747,1
tm108804,1
tm1088379,1
tm108984,1
tm109142,1
tm109185,1
tm109186,1
tm109203,1
tm10921,1
tm1092649,1
tm109283,1
tm109444,1
tm1095455,1
tm1097154,1
tm1099385,1
tm109939,1
tm109994,1
tm11,1
tm1100142,1
tm1100226,1
tm110027,1
tm1102227,1
tm110254,1
tm1102731,1
tm110295,1
tm110298,1
tm1103875,1
tm1104297,1
tm1104792,1
tm110529,1
tm110638,1
tm1107877,1
tm1108051,1
tm1108053,1
tm11081,1
tm1108311,1
tm110873,1
tm111045,1
tm1110904,1
tm111163,1
tm1113744,1
tm1114713,1
tm111589,1
tm1116102,1
tm1117330,1
tm1117350,1
tm1118685,1
tm11191,1
tm1119965,1
tm112006,1
tm112018,1
tm112065,1
tm1121486,1
tm1121489,1
tm112171,1
tm11228,1
tm1123844,1
tm11249,1
tm112500,1
tm112537,1
tm112552,1
tm112614,1
tm112659,1
tm112715,1
tm112750,1
tm1128515,1
tm112860,1
tm1128651,1
tm112879,1
tm1128929,1
tm112936,1
tm11296,1
tm1129730,1
tm112998,1
tm1130340,1
tm1131113,1
tm1131263,1
tm113170,1
tm1132416,1
tm1133028,1
tm1133070,1
tm113394,1
tm1134296,1
tm113510,1
tm113513,1
tm113573,1
tm11359,1
tm113696,1
tm1137707,1
tm113786,1
tm113831,1
tm11388,1
tm113969,1
tm114004,1
tm114067,1
tm114158,1
tm114183,1
tm1142054,1
tm1142230,1
tm1142907,1
tm1143145,1
tm1143365,1
tm1143432,1
tm1143774,1
tm1144779,1
tm1144881,1
tm114572,1
tm114578,1
tm114723,1
tm114756,1
tm1148,1
tm114906,1
tm114909,1
tm114969,1
tm11500,1
tm1150554,1
tm1150598,1
tm1150972,1
tm115170,1
tm115400,1
tm115611,1
tm115944,1
tm1159808,1
tm115982,1
tm116033,1
tm116122,1
tm116191,1
tm116338,1
tm116418,1
tm1165092,1
tm1165098,1
tm1165419,1
tm116613,1
tm116656,1
tm116695,1
tm116799,1
tm116832,1
tm116926,1
tm116967,1
tm117059,1
tm117078,1
tm1171915,1
tm1172734,1
tm11738,1
tm117383,1
tm117392,1
tm117515,1
tm117674,1
tm1176916,1
tm117703,1
tm117723,1
tm1177443,1
tm117749,1
tm117765,1
tm117793,1
tm1178173,1
tm1178377,1
tm117862,1
tm117927,1
tm117953,1
tm118001,1
tm11801,1
tm1183,1
tm118379,1
tm118404,1
tm118448,1
tm1187459,1
tm118846,1
tm118854,1
tm118926,1
tm1189334,1
tm119082,1
tm1191092,1
tm119115,1
tm119150,1
tm119206,1
tm119266,1
tm119281,1
tm11937,1
tm119413,1
tm1195154,1
tm1196415,1
tm119834,1
tm1198765,1
tm119925,1
tm119950,1
tm119954,1
tm12,1
tm1200,1
tm120163,1
tm120171,1
tm12025,1
tm120284,1
tm120341,1
tm120377,1
tm120571,1
tm120702,1
tm12072,1
tm120767,1
tm120791,1
tm120801,1
tm120886,1
tm120889,1
tm120964,1
tm120969,1
tm121029,1
tm121105,1
tm121175,1
tm1212,1
tm121209,1
tm12133,1
tm121566,1
tm121599,1
tm121674,1
tm121766,1
tm121789,1
tm12185,1
tm121885,1
tm121913,1
tm121965,1
tm122333,1
tm122409,1
tm122429,1
tm122453,1
tm122614,1
tm122844,1
tm122846,1
tm122972,1
tm123099,1
tm123167,1
tm123253,1
tm123277,1
tm123342,1
tm123460,1
tm123706,1
tm123844,1
tm124017,1
tm124134,1
tm124259,1
tm124443,1
tm124595,1
tm124634,1
tm124668,1
tm124683,1
tm124721,1
tm124795,1
tm124826,1
tm125076,1
tm125142,1
tm125288,1
tm125410,1
tm125547,1
tm125675,1
tm125811,1
tm125812,1
tm125870,1
tm126118,1
tm126477,1
tm126481,1
tm126527,1
tm126659,1
tm126731,1
tm126855,1
tm126876,1
tm126913,1
tm12694,1
tm127045,1
tm127046,1
tm127121,1
tm127410,1
tm127481,1
tm127587,1
tm127769,1
tm127779,1
tm12793,1
tm127957,1
tm127965,1
tm128046,1
tm12810,1
tm128153,1
tm128245,1
tm128346,1
tm128357,1
tm128455,1
tm128586,1
tm128715,1
tm128806,1
tm12881,1
tm128870,1
tm128879,1
tm129056,1
tm129177,1
tm129228,1
tm129256,1
tm129340,1
tm129369,1
tm129542,1
tm129566,1
tm129616,1
tm129627,1
tm129640,1
tm129659,1
tm129730,1
tm129771,1
tm129800,1
tm13007,1
tm130126,1
tm130223,1
tm130453,1
tm130740,1
tm130875,1
tm130897,1
tm130960,1
tm131259,1
tm131671,1
tm131677,1
tm131792,1
tm131861,1
tm132060,1
tm132147,1
tm132227,1
tm132321,1
tm132370,1
tm13251,1
tm132688,1
tm132757,1
tm132789,1
tm132905,1
tm133067,1
tm133241,1
tm13330,1
tm133501,1
tm133505,1
tm133508,1
tm133732,1
tm133809,1
tm133889,1
tm134033,1
tm134144,1
tm134169,1
tm134190,1
tm134243,1
tm134485,1
tm134515,1
tm134574,1
tm134606,1
tm134661,1
tm134699,1
tm13483,1
tm134833,1
tm135049,1
tm135223,1
tm135473,1
tm135608,1
tm135787,1
tm135863,1
tm136048,1
tm13613,1
tm136150,1
tm136193,1
tm13620,1
tm136491,1
tm136548,1
tm136762,1
tm136864,1
tm136985,1
tm137072,1
tm137143,1
tm137144,1
tm137220,1
tm137258,1
tm137570,1
tm137735,1
tm137758,1
tm137798,1
tm137881,1
tm13792,1
tm137977,1
tm138000,1
tm138022,1
tm138025,1
tm138031,1
tm138091,1
tm138256,1
tm138259,1
tm138297,1
tm138310,1
tm138416,1
tm138489,1
tm138698,1
tm138762,1
tm138779,1
tm138875,1
tm138880,1
tm138935,1
tm1390,1
tm139047,1
tm139142,1
tm139277,1
tm139317,1
tm139536,1
tm139691,1
tm1398,1
tm140029,1
tm14014,1
tm140359,1
tm14046,1
tm140524,1
tm140640,1
tm140790,1
tm140798,1
tm141146,1
tm141359,1
tm141390,1
tm141441,1
tm14146,1
tm141513,1
tm14155,1
tm141684,1
tm141858,1
tm141911,1
tm141928,1
tm142075,1
tm142102,1
tm142209,1
tm142336,1
tm142381,1
tm142417,1
tm142690,1
tm142732,1
tm142895,1
tm142928,1
tm142981,1
tm143241,1
tm143360,1
tm143495,1
tm143519,1
tm143645,1
tm143774,1
tm143808,1
tm144223,1
tm144224,1
tm144245,1
tm144250,1
tm144406,1
tm144685,1
tm144798,1
tm144966,1
tm145054,1
tm145092,1
tm145132,1
tm145237,1
tm145240,1
tm14532,1
tm145331,1
tm145564,1
tm145899,1
tm146021,1
tm146099,1
tm146272,1
tm146290,1
tm146332,1
tm146607,1
tm146745,1
tm146874,1
tm146932,1
tm146988,1
tm147019,1
tm147321,1
tm147474,1
tm148009,1
tm148119,1
tm148161,1
tm148220,1
tm148296,1
tm148396,1
tm148548,1
tm14873,1
tm148945,1
tm149048,1
tm14909,1
tm149302,1
tm149509,1
tm149536,1
tm14958,1
tm14994,1
tm149956,1
tm150188,1
tm150214,1
tm150437,1
tm150549,1
tm15070,1
tm150747,1
tm150977,1
tm151038,1
tm15104,1
tm151065,1
tm151078,1
tm151174,1
tm15124,1
tm15131,1
tm151349,1
tm151355,1
tm151966,1
tm152030,1
tm152458,1
tm152501,1
tm152510,1
tm152536,1
tm152537,1
tm152567,1
tm152577,1
tm152580,1
tm152608,1
tm152729,1
tm152876,1
tm152956,1
tm1530,1
tm153192,1
tm153272,1
tm153311,1
tm153422,1
tm153463,1
tm153746,1
tm154187,1
tm154233,1
tm154303,1
tm154391,1
tm154417,1
tm154470,1
tm154660,1
tm15476,1
tm155092,1
tm155112,1
tm155263,1
tm155267,1
tm155702,1
tm155787,1
tm155792,1
tm155910,1
tm15621,1
tm156285,1
tm156310,1
tm156318,1
tm156325,1
tm156330,1
tm156463,1
tm156574,1
tm156624,1
tm156678,1
tm156809,1
tm156864,1
tm157049,1
tm157052,1
tm157195,1
tm157418,1
tm158074,1
tm158086,1
tm158094,1
tm158112,1
tm158304,1
tm158307,1
tm158810,1
tm15897,1
tm158974,1
tm159051,1
tm15921,1
tm159241,1
tm15925,1
tm159271,1
tm15968,1
tm159835,1
tm159901,1
tm160131,1
tm160164,1
tm160177,1
tm160199,1
tm160231,1
tm160240,1
tm160479,1
tm160494,1
tm160592,1
tm160621,1
tm16069,1
tm160762,1
tm160815,1
tm161134,1
tm161348,1
tm161811,1
tm16186,1
tm161952,1
tm161959,1
tm162157,1
tm16284,1
tm16303,1
tm16311,1
tm163133,1
tm163261,1
tm163314,1
tm16341,1
tm163430,1
tm163686,1
tm163863,1
tm164111,1
tm164178,1
tm164425,1
tm164662,1
tm165422,1
tm165609,1
tm165719,1
tm165761,1
tm16584,1
tm165938,1
tm165948,1
tm165973,1
tm166064,1
tm166170,1
tm166238,1
tm166246,1
tm166318,1
tm166385,1
tm166493,1
tm1665,1
tm166550,1
tm166961,1
tm166990,1
tm166999,1
tm167016,1
tm167206,1
tm16724,1
tm167341,1
tm167384,1
tm167388,1
tm167516,1
tm167585,1
tm167643,1
tm167682,1
tm167763,1
tm16783,1
tm168017,1
tm168056,1
tm168075,1
tm168151,1
tm168436,1
tm168537,1
tm168549,1
tm168586,1
tm168673,1
tm168764,1
tm168805,1
tm168970,1
tm169086,1
tm169108,1
tm16927,1
tm169312,1
tm169393,1
tm169719,1
tm169972,1
tm170385,1
tm170523,1
tm170739,1
tm170754,1
tm170882,1
tm170890,1
tm170892,1
tm171033,1
tm171134,1
tm171329,1
tm171371,1
tm171375,1
tm171462,1
tm171483,1
tm171488,1
tm171655,1
tm171820,1
tm171954,1
tm171986,1
tm172217,1
tm172381,1
tm17268,1
tm172690,1
tm172786,1
tm172808,1
tm172949,1
tm172974,1
tm172988,1
tm173191,1
tm173363,1
tm173412,1
tm173414,1
tm173440,1
tm173459,1
tm173513,1
tm173538,1
tm173562,1
tm17363,1
tm173702,1
tm173710,1
tm173713,1
tm173754,1
tm174079,1
tm174080,1
tm174415,1
tm174462,1
tm174504,1
tm174882,1
tm174903,1
tm175024,1
tm17510,1
tm17536,1
tm175564,1
tm175565,1
tm175578,1
tm175611,1
tm175664,1
tm175796,1
tm175870,1
tm175985,1
tm176,1
tm176081,1
tm176439,1
tm17650,1
tm176518,1
tm17654,1
tm176646,1
tm176696,1
tm176814,1
tm176942,1
tm177,1
tm177045,1
tm177145,1
tm177242,1
tm177297,1
tm17732,1
tm17740,1
tm177456,1
tm177568,1
tm177932,1
tm177990,1
tm178101,1
tm178161,1
tm17817,1
tm178184,1
tm178201,1
tm178303,1
tm178618,1
tm178628,1
tm178634,1
tm178667,1
tm178782,1
tm178788,1
tm178873,1
tm178995,1
tm179400,1
tm179441,1
tm179462,1
tm179476,1
tm17954,1
tm179573,1
tm179735,1
tm179765,1
tm179769,1
tm179772,1
tm179840,1
tm180058,1
tm180185,1
tm180256,1
tm18043,1
tm18047,1
tm180517,1
tm180597,1
tm180913,1
tm181098,1
tm181123,1
tm18138,1
tm181448,1
tm181563,1
tm181571,1
tm181598,1
tm181725,1
tm181757,1
tm181785,1
tm181863,1
tm18203,1
tm182041,1
tm182075,1
tm182273,1
tm182404,1
tm182421,1
tm182676,1
tm182831,1
tm183177,1
tm183239,1
tm18331,1
tm183324,1
tm1834,1
tm183480,1
tm183560,1
tm18358,1
tm18375,1
tm183765,1
tm183790,1
tm183955,1
tm184028,1
tm184032,1
tm18429,1
tm184314,1
tm184317,1
tm184362,1
tm184504,1
tm184648,1
tm184756,1
tm184895,1
tm184958,1
tm18499,1
tm185022,1
tm185032,1
tm185086,1
tm185165,1
tm185200,1
tm185218,1
tm18537,1
tm185420,1
tm185476,1
tm185595,1
tm185650,1
tm185863,1
tm1859,1
tm185943,1
tm186180,1
tm186297,1
tm186399,1
tm186499,1
tm186683,1
tm186907,1
tm186911,1
tm186978,1
tm187009,1
tm187097,1
tm187174,1
tm187305,1
tm187368,1
tm187389,1
tm187412,1
tm187552,1
tm187579,1
tm187689,1
tm187937,1
tm188050,1
tm1881,1
tm188142,1
tm188189,1
tm188197,1
tm188205,1
tm188307,1
tm188330,1
tm188425,1
tm188497,1
tm188529,1
tm188584,1
tm188620,1
tm188852,1
tm1889,1
tm189061,1
tm189175,1
tm189324,1
tm189379,1
tm189434,1
tm189614,1
tm18963,1
tm189636,1
tm1897,1
tm189740,1
tm189764,1
tm189832,1
tm189840,1
tm189855,1
tm190036,1
tm19004,1
tm19016,1
tm190312,1
tm190323,1
tm190423,1
tm190486,1
tm19053,1
tm190562,1
tm190720,1
tm190778,1
tm191013,1
tm191016,1
tm191069,1
tm19116,1
tm191271,1
tm191716,1
tm191749,1
tm191766,1
tm191862,1
tm19202,1
tm192037,1
tm192203,1
tm192260,1
tm192292,1
tm192561,1
tm192569,1
tm192608,1
tm192649,1
tm19269,1
tm192727,1
tm192831,1
tm192833,1
tm192853,1
tm192870,1
tm192925,1
tm19293,1
tm192933,1
tm193042,1
tm193126,1
tm19313,1
tm193313,1
tm193314,1
tm193717,1
tm193859,1
tm193938,1
tm194491,1
tm194795,1
tm195093,1
tm195247,1
tm19547,1
tm19595,1
tm195994,1
tm196228,1
tm19648,1
tm196644,1
tm19681,1
tm19694,1
tm197916,1
tm19874,1
tm200129,1
tm200765,1
tm20110,1
tm201159,1
tm201352,1
tm201644,1
tm20168,1
tm20177,1
tm203037,1
tm20341,1
tm20356,1
tm20408,1
tm204164,1
tm20422,1
tm205306,1
tm205318,1
tm205457,1
tm20552,1
tm206335,1
tm208397,1
tm20855,1
tm209660,1
tm21058,1
tm21072,1
tm21085,1
tm211368,1
tm211584,1
tm21177,1
tm211819,1
tm21185,1
tm212140,1
tm21226,1
tm212848,1
tm21350,1
tm21423,1
tm214508,1
tm21458,1
tm214711,1
tm215537,1
tm215809,1
tm2159,1
tm216,1
tm218910,1
tm219341,1
tm21937,1
tm220464,1
tm220748,1
tm220754,1
tm221873,1
tm222161,1
tm222614,1
tm223123,1
tm2233,1
tm2234,1
tm22340,1
tm2250,1
tm225321,1
tm225639,1
tm225652,1
tm226244,1
tm226857,1
tm22730,1
tm228664,1
tm22886,1
tm2289,1
tm229275,1
tm22946,1
tm229671,1
tm229895,1
tm229933,1
tm230325,1
tm230522,1
tm23177,1
tm232658,1
tm232797,1
tm232804,1
tm232840,1
tm232891,1
tm232949,1
tm233177,1
tm233385,1
tm233393,1
tm233438,1
tm233579,1
tm233719,1
tm23389,1
tm233992,1
tm234364,1
tm2346,1
tm23477,1
tm23482,1
tm235243,1
tm235380,1
tm235768,1
tm235809,1
tm23583,1
tm236637,1
tm236718,1
tm236726,1
tm23715,1
tm237914,1
tm238389,1
tm2386,1
tm238736,1
tm23894,1
tm239083,1
tm23909,1
tm239091,1
tm239292,1
tm239632,1
tm239708,1
tm239743,1
tm239773,1
tm239775,1
tm239926,1
tm24007,1
tm24020,1
tm24043,1
tm240624,1
tm240628,1
tm240631,1
tm24083,1
tm241262,1
tm2413,1
tm242025,1
tm243870,1
tm243960,1
tm244065,1
tm244119,1
tm244142,1
tm244183,1
tm244192,1
tm244208,1
tm244289,1
tm244370,1
tm244436,1
tm244463,1
tm244479,1
tm244555,1
tm244564,1
tm24462,1
tm244639,1
tm245015,1
tm24506,1
tm245409,1
tm245415,1
tm24597,1
tm246466,1
tm246558,1
tm246903,1
tm246999,1
tm247549,1
tm248112,1
tm24890,1
tm249369,1
tm249883,1
tm250452,1
tm251796,1
tm251820,1
tm25440,1
tm255170,1
tm2553,1
tm256444,1
tm25647,1
tm25657,1
tm25678,1
tm257,1
tm25742,1
tm25895,1
tm26071,1
tm26610,1
tm266538,1
tm266647,1
tm266717,1
tm267036,1
tm26724,1
tm267247,1
tm267274,1
tm26793,1
tm26804,1
tm26941,1
tm270502,1
tm271231,1
tm27160,1
tm27163,1
tm271988,1
tm273334,1
tm27388,1
tm27397,1
tm27422,1
tm275758,1
tm276163,1
tm277395,1
tm27911,1
tm27928,1
tm27946,1
tm27980,1
tm28035,1
tm28145,1
tm28200,1
tm28201,1
tm2836,1
tm2838,1
tm28444,1
tm28458,1
tm28562,1
tm28648,1
tm28679,1
tm28826,1
tm28893,1
tm29183,1
tm292179,1
tm292260,1
tm29385,1
tm2941,1
tm29531,1
tm29593,1
tm29667,1
tm298080,1
tm299276,1
tm299698,1
tm29990,1
tm30036,1
tm300807,1
tm301058,1
tm30342,1
tm30505,1
tm305113,1
tm305149,1
tm305439,1
tm30554,1
tm30577,1
tm30583,1
tm308123,1
tm308433,1
tm308754,1
tm308874,1
tm308909,1
tm30909,1
tm309199,1
tm310091,1
tm310165,1
tm310204,1
tm310277,1
tm310279,1
tm310307,1
tm310326,1
tm310542,1
tm310755,1
tm311514,1
tm311579,1
tm311732,1
tm311818,1
tm311840,1
tm31194,1
tm312471,1
tm312747,1
tm312762,1
tm312928,1
tm313149,1
tm31325,1
tm313437,1
tm313438,1
tm313448,1
tm313461,1
tm31362,1
tm313863,1
tm313882,1
tm313970,1
tm314240,1
tm315820,1
tm315909,1
tm31695,1
tm317435,1
tm317933,1
tm317999,1
tm318166,1
tm318755,1
tm319405,1
tm319574,1
tm31963,1
tm32039,1
tm32049,1
tm320535,1
tm32144,1
tm32149,1
tm321589,1
tm32196,1
tm322471,1
tm322707,1
tm323594,1
tm3248,1
tm325007,1
tm325101,1
tm326151,1
tm32658,1
tm326858,1
tm32719,1
tm327944,1
tm328069,1
tm32893,1
tm3293,1
tm33065,1
tm331251,1
tm33176,1
tm33499,1
tm33654,1
tm33765,1
tm33947,1
tm34124,1
tm34202,1
tm34270,1
tm343584,1
tm34471,1
tm344916,1
tm34528,1
tm34541,1
tm34570,1
tm345915,1
tm347002,1
tm347032,1
tm347411,1
tm34754,1
tm347674,1
tm347715,1
tm347832,1
tm34805,1
tm34830,1
tm34866,1
tm348986,1
tm349036,1
tm34921,1
tm34956,1
tm349873,1
tm350225,1
tm350466,1
tm35066,1
tm351136,1
tm35198,1
tm352012,1
tm352015,1
tm35255,1
tm352620,1
tm352749,1
tm352871,1
tm353879,1
tm354,1
tm35465,1
tm35537,1
tm355775,1
tm356068,1
tm356424,1
tm356534,1
tm35668,1
tm357148,1
tm357226,1
tm357476,1
tm357582,1
tm357695,1
tm357864,1
tm361275,1
tm361399,1
tm361837,1
tm361990,1
tm362,1
tm36224,1
tm36246,1
tm363019,1
tm363108,1
tm363487,1
tm363493,1
tm3635,1
tm363512,1
tm363938,1
tm363996,1
tm364103,1
tm364104,1
tm364116,1
tm364364,1
tm36454,1
tm364751,1
tm364753,1
tm364758,1
tm364856,1
tm364859,1
tm364869,1
tm364871,1
tm364903,1
tm36548,1
tm365731,1
tm36583,1
tm36606,1
tm36634,1
tm366944,1
tm367475,1
tm367670,1
tm36771,1
tm369261,1
tm36942,1
tm36945,1
tm370275,1
tm370689,1
tm371066,1
tm37127,1
tm372420,1
tm37245,1
tm37263,1
tm372685,1
tm37320,1
tm373367,1
tm374178,1
tm37446,1
tm37483,1
tm375298,1
tm37537,1
tm37546,1
tm376417,1
tm376750,1
tm37730,1
tm37899,1
tm37939,1
tm37990,1
tm3805,1
tm38360,1
tm38361,1
tm38662,1
tm38744,1
tm38774,1
tm38781,1
tm38826,1
tm39446,1
tm39463,1
tm395207,1
tm39601,1
tm39828,1
tm39830,1
tm399123,1
tm39923,1
tm39932,1
tm40029,1
tm400467,1
tm400781,1
tm400851,1
tm400881,1
tm401195,1
tm401285,1
tm401547,1
tm40187,1
tm402096,1
tm40216,1
tm402215,1
tm402330,1
tm402409,1
tm403043,1
tm40310,1
tm4032,1
tm40335,1
tm403712,1
tm40390,1
tm404231,1
tm404386,1
tm405069,1
tm405461,1
tm40566,1
tm406623,1
tm40718,1
tm407443,1
tm40779,1
tm408063,1
tm40940,1
tm409553,1
tm40988,1
tm41011,1
tm41039,1
tm411318,1
tm411838,1
tm412099,1
tm412972,1
tm413425,1
tm41365,1
tm413828,1
tm414009,1
tm414196,1
tm414211,1
tm414353,1
tm414396,1
tm415918,1
tm416091,1
tm4161,1
tm41646,1
tm416499,1
tm416636,1
tm418476,1
tm418586,1
tm41864,1
tm418736,1
tm4193,1
tm41933,1
tm419440,1
tm419603,1
tm420429,1
tm420902,1
tm42140,1
tm42224,1
tm422417,1
tm422969,1
tm423138,1
tm423754,1
tm424035,1
tm42412,1
tm42585,1
tm4261,1
tm426115,1
tm426410,1
tm42704,1
tm427101,1
tm42730,1
tm427402,1
tm427442,1
tm42752,1
tm428534,1
tm429301,1
tm429643,1
tm430017,1
tm430026,1
tm430032,1
tm430038,1
tm430040,1
tm430566,1
tm43061,1
tm43081,1
tm4311,1
tm43188,1
tm432035,1
tm432738,1
tm43342,1
tm43389,1
tm434041,1
tm434720,1
tm435676,1
tm435696,1
tm435901,1
tm435961,1
tm437215,1
tm437275,1
tm437594,1
tm437653,1
tm438096,1
tm43813,1
tm438389,1
tm43982,1
tm440024,1
tm44004,1
tm44032,1
tm44046,1
tm440526,1
tm440581,1
tm440660,1
tm44263,1
tm443,1
tm44313,1
tm44401,1
tm44421,1
tm44575,1
tm446182,1
tm446406,1
tm446624,1
tm446732,1
tm44678,1
tm446947,1
tm447124,1
tm44723,1
tm448004,1
tm448062,1
tm448298,1
tm44875,1
tm448779,1
tm449495,1
tm45031,1
tm450390,1
tm450394,1
tm450401,1
tm451539,1
tm452231,1
tm452334,1
tm452340,1
tm452341,1
tm452346,1
tm452367,1
tm452370,1
tm452504,1
tm452757,1
tm453231,1
tm453779,1
tm45395,1
tm45454,1
tm454609,1
tm45476,1
tm45502,1
tm45508,1
tm45525,1
tm455670,1
tm45576,1
tm45681,1
tm45687,1
tm457769,1
tm458012,1
tm458066,1
tm45935,1
tm45952,1
tm46012,1
tm460711,1
tm461148,1
tm461190,1
tm461196,1
tm46135,1
tm461377,1
tm461646,1
tm462003,1
tm46205,1
tm46210,1
tm46283,1
tm46286,1
tm462899,1
tm463117,1
tm463451,1
tm46348,1
tm463907,1
tm46436,1
tm46463,1
tm4647,1
tm46512,1
tm46522,1
tm465547,1
tm46555,1
tm465833,1
tm46657,1
tm46666,1
tm46815,1
tm469747,1
tm46986,1
tm469965,1
tm4707,1
tm47108,1
tm471860,1
tm472250,1
tm47280,1
tm473166,1
tm474190,1
tm474851,1
tm474986,1
tm47507,1
tm47510,1
tm47554,1
tm4765,1
tm476886,1
tm476942,1
tm477183,1
tm47786,1
tm477882,1
tm47834,1
tm478552,1
tm47884,1
tm47958,1
tm48053,1
tm48092,1
tm482223,1
tm48297,1
tm483034,1
tm483047,1
tm48310,1
tm48591,1
tm48597,1
tm486890,1
tm48877,1
tm488890,1
tm489,1
tm4895,1
tm48952,1
tm489696,1
tm489734,1
tm48975,1
tm49000,1
tm490639,1
tm49065,1
tm49208,1
tm493314,1
tm49355,1
tm49384,1
tm49428,1
tm49432,1
tm49650,1
tm496719,1
tm50009,1
tm50154,1
tm501910,1
tm50296,1
tm50355,1
tm504029,1
tm50584,1
tm50643,1
tm50644,1
tm50684,1
tm50802,1
tm5094,1
tm51170,1
tm51354,1
tm51439,1
tm51473,1
tm51481,1
tm51521,1
tm516656,1
tm51701,1
tm51726,1
tm51916,1
tm519170,1
tm51923,1
tm52201,1
tm52234,1
tm52243,1
tm52301,1
tm52327,1
tm52402,1
tm52669,1
tm52751,1
tm52994,1
tm53038,1
tm5310,1
tm53162,1
tm53756,1
tm54001,1
tm54146,1
tm54285,1
tm54353,1
tm543828,1
tm54397,1
tm544,1
tm54405,1
tm54441,1
tm54459,1
tm54570,1
tm54582,1
tm54669,1
tm54823,1
tm54842,1
tm54947,1
tm55092,1
tm55130,1
tm55174,1
tm55649,1
tm55708,1
tm55774,1
tm55814,1
tm55883,1
tm55992,1
tm5608,1
tm56110,1
tm56184,1
tm56245,1
tm56516,1
tm56574,1
tm56731,1
tm56808,1
tm56880,1
tm56970,1
tm57120,1
tm57186,1
tm57259,1
tm57271,1
tm57296,1
tm57381,1
tm574509,1
tm57667,1
tm57798,1
tm57843,1
tm57952,1
tm58163,1
tm58501,1
tm5851,1
tm58585,1
tm5859,1
tm586405,1
tm58684,1
tm58727,1
tm58755,1
tm58787,1
tm58806,1
tm58978,1
tm59503,1
tm59549,1
tm59586,1
tm59756,1
tm59928,1
tm59936,1
tm60015,1
tm60097,1
tm602038,1
tm60386,1
tm60583,1
tm60665,1
tm60689,1
tm60789,1
tm60832,1
tm60926,1
tm60933,1
tm60939,1
tm6099,1
tm61037,1
tm61054,1
tm61067,1
tm61111,1
tm611799,1
tm61391,1
tm61524,1
tm61554,1
tm6170,1
tm61715,1
tm61720,1
tm61779,1
tm62126,1
tm62206,1
tm62219,1
tm62241,1
tm62394,1
tm62407,1
tm62467,1
tm62537,1
tm62600,1
tm62740,1
tm62922,1
tm63352,1
tm63441,1
tm63619,1
tm63636,1
tm63783,1
tm63812,1
tm63814,1
tm63925,1
tm641345,1
tm64277,1
tm6444,1
tm64704,1
tm64788,1
tm64834,1
tm64916,1
tm64924,1
tm65174,1
tm65420,1
tm65430,1
tm65496,1
tm6558,1
tm65596,1
tm656353,1
tm65637,1
tm657533,1
tm65792,1
tm657921,1
tm660,1
tm66025,1
tm66060,1
tm66443,1
tm66822,1
tm670075,1
tm67089,1
tm67151,1
tm671829,1
tm67435,1
tm67454,1
tm67506,1
tm67670,1
tm67975,1
tm680256,1
tm681139,1
tm6813,1
tm68272,1
tm68371,1
tm68390,1
tm68477,1
tm68506,1
tm685063,1
tm686009,1
tm6865,1
tm68666,1
tm68758,1
tm68909,1
tm690207,1
tm6907,1
tm690703,1
tm69276,1
tm69581,1
tm69813,1
tm69939,1
tm70105,1
tm70124,1
tm70261,1
tm70288,1
tm70321,1
tm70367,1
tm70435,1
tm70446,1
tm7047,1
tm70807,1
tm70946,1
tm70954,1
tm71078,1
tm71288,1
tm71339,1
tm71397,1
tm71438,1
tm71624,1
tm71654,1
tm72126,1
tm72207,1
tm72390,1
tm72458,1
tm72527,1
tm72561,1
tm72662,1
tm72682,1
tm72779,1
tm7281,1
tm72861,1
tm72895,1
tm73092,1
tm73130,1
tm73219,1
tm73245,1
tm73380,1
tm73626,1
tm73633,1
tm73791,1
tm73824,1
tm73945,1
tm7399,1
tm74188,1
tm74269,1
tm74276,1
tm74317,1
tm74372,1
tm74871,1
tm749734,1
tm752842,1
tm753096,1
tm75339,1
tm75346,1
tm75465,1
tm75563,1
tm7568,1
tm75792,1
tm7598,1
tm76011,1
tm76145,1
tm76196,1
tm762332,1
tm76258,1
tm76285,1
tm7631,1
tm76385,1
tm76394,1
tm767074,1
tm76771,1
tm77177,1
tm77236,1
tm77370,1
tm77390,1
tm77404,1
tm77553,1
tm77586,1
tm77588,1
tm77906,1
tm78145,1
tm7818,1
tm78340,1
tm78434,1
tm78439,1
tm78654,1
tm78659,1
tm7868,1
tm78821,1
tm79002,1
tm79163,1
tm79234,1
tm79235,1
tm79269,1
tm79472,1
tm79484,1
tm7958,1
tm79639,1
tm79740,1
tm79781,1
tm79826,1
tm79928,1
tm79929,1
tm79981,1
tm79984,1
tm80042,1
tm80361,1
tm80503,1
tm80667,1
tm80704,1
tm80812,1
tm80908,1
tm80927,1
tm81013,1
tm81030,1
tm81063,1
tm811658,1
tm811806,1
tm812586,1
tm81280,1
tm81379,1
tm814099,1
tm814518,1
tm814655,1
tm814962,1
tm81621,1
tm816376,1
tm81685,1
tm81703,1
tm817523,1
tm817931,1
tm818328,1
tm81844,1
tm81928,1
tm8194,1
tm81960,1
tm81976,1
tm820155,1
tm820276,1
tm82052,1
tm820756,1
tm82110,1
tm821120,1
tm82128,1
tm822845,1
tm822848,1
tm823157,1
tm8232,1
tm823486,1
tm823601,1
tm823607,1
tm82363,1
tm824198,1
tm824228,1
tm824288,1
tm82442,1
tm82449,1
tm82467,1
tm82525,1
tm825445,1
tm825448,1
tm825452,1
tm825481,1
tm825662,1
tm82620,1
tm826359,1
tm827052,1
tm827124,1
tm827144,1
tm827289,1
tm827433,1
tm827460,1
tm827510,1
tm827603,1
tm82836,1
tm82867,1
tm828948,1
tm83047,1
tm830691,1
tm831212,1
tm83176,1
tm832366,1
tm832422,1
tm83273,1
tm832906,1
tm83305,1
tm833117,1
tm834029,1
tm834379,1
tm834792,1
tm834849,1
tm834994,1
tm835051,1
tm835383,1
tm836105,1
tm83648,1
tm836590,1
tm836956,1
tm837011,1
tm83739,1
tm83755,1
tm840119,1
tm840302,1
tm841254,1
tm84135,1
tm841580,1
tm842251,1
tm84301,1
tm843682,1
tm84441,1
tm8446,1
tm84508,1
tm845413,1
tm845482,1
tm845511,1
tm845521,1
tm845683,1
tm845711,1
tm846155,1
tm846332,1
tm847005,1
tm84701,1
tm847310,1
tm84964,1
tm850197,1
tm85087,1
tm851092,1
tm85114,1
tm851292,1
tm852412,1
tm85271,1
tm85287,1
tm85292,1
tm85312,1
tm8534,1
tm85382,1
tm854357,1
tm854428,1
tm85504,1
tm855154,1
tm85518,1
tm85528,1
tm855348,1
tm855361,1
tm855362,1
tm855699,1
tm856559,1
tm856751,1
tm857582,1
tm857585,1
tm857767,1
tm85794,1
tm858269,1
tm858486,1
tm858932,1
tm858993,1
tm859027,1
tm859213,1
tm859279,1
tm85941,1
tm859853,1
tm85992,1
tm860276,1
tm8613,1
tm86154,1
tm861688,1
tm86278,1
tm863471,1
tm86380,1
tm863811,1
tm863813,1
tm863824,1
tm86392,1
tm864405,1
tm864750,1
tm865504,1
tm865763,1
tm86637,1
tm866711,1
tm867467,1
tm8676,1
tm86979,1
tm87062,1
tm87132,1
tm87157,1
tm87229,1
tm87234,1
tm872994,1
tm87404,1
tm87614,1
tm87737,1
tm87794,1
tm878136,1
tm87865,1
tm879229,1
tm87965,1
tm88017,1
tm88077,1
tm882054,1
tm88214,1
tm88216,1
tm882242,1
tm88229,1
tm88256,1
tm883958,1
tm88406,1
tm88465,1
tm884668,1
tm886268,1
tm887078,1
tm88729,1
tm888000,1
tm88805,1
tm889002,1
tm88911,1
tm889591,1
tm88969,1
tm8900,1
tm89040,1
tm89071,1
tm890816,1
tm89147,1
tm89191,1
tm892005,1
tm892008,1
tm892021,1
tm892088,1
tm892238,1
tm8927,1
tm89382,1
tm893885,1
tm894108,1
tm89464,1
tm89573,1
tm896307,1
tm89663,1
tm897377,1
tm897405,1
tm897453,1
tm89811,1
tm898226,1
tm898234,1
tm89836,1
tm898383,1
tm89935,1
tm89942,1
tm90095,1
tm90196,1
tm90293,1
tm90452,1
tm90487,1
tm907869,1
tm90801,1
tm908766,1
tm908935,1
tm91111,1
tm91136,1
tm912303,1
tm91404,1
tm9142,1
tm9144,1
tm914952,1
tm915111,1
tm91551,1
tm915568,1
tm915578,1
tm915587,1
tm91568,1
tm91569,1
tm915830,1
tm916741,1
tm91688,1
tm91732,1
tm917595,1
tm91787,1
tm91788,1
tm918114,1
tm918143,1
tm918144,1
tm918174,1
tm918188,1
tm918245,1
tm91958,1
tm920223,1
tm920294,1
tm920345,1
tm921104,1
tm92165,1
tm921992,1
tm922326,1
tm92249,1
tm922792,1
tm92367,1
tm92405,1
tm92414,1
tm92422,1
tm924252,1
tm925593,1
tm925941,1
tm92635,1
tm92641,1
tm926781,1
tm927053,1
tm92711,1
tm927169,1
tm92718,1
tm92758,1
tm927720,1
tm92781,1
tm927985,1
tm928792,1
tm92889,1
tm92904,1
tm92918,1
tm929219,1
tm9298,1
tm929810,1
tm9301,1
tm930306,1
tm931957,1
tm9322,1
tm93225,1
tm933380,1
tm934422,1
tm934966,1
tm936263,1
tm93644,1
tm9369,1
tm937015,1
tm937378,1
tm93784,1
tm93787,1
tm938142,1
tm93829,1
tm93845,1
tm938805,1
tm939190,1
tm93942,1
tm940880,1
tm94100,1
tm941391,1
tm941969,1
tm94209,1
tm942189,1
tm94235,1
tm9427,1
tm94303,1
tm94347,1
tm944825,1
tm945198,1
tm945732,1
tm945797,1
tm945817,1
tm945893,1
tm94637,1
tm94668,1
tm946691,1
tm946951,1
tm946973,1
tm946999,1
tm948,1
tm94918,1
tm949223,1
tm949365,1
tm949799,1
tm950280,1
tm950310,1
tm95252,1
tm953166,1
tm954272,1
tm95501,1
tm956831,1
tm9571,1
tm95770,1
tm95846,1
tm9587,1
tm95959,1
tm96076,1
tm96081,1
tm961041,1
tm96136,1
tm96212,1
tm962124,1
tm9624,1
tm963365,1
tm96442,1
tm96586,1
tm96622,1
tm96652,1
tm96834,1
tm96848,1
tm96925,1
tm97019,1
tm97145,1
tm972018,1
tm972390,1
tm97341,1
tm97357,1
tm97396,1
tm974016,1
tm97428,1
tm974617,1
tm97583,1
tm97668,1
tm97794,1
tm979287,1
tm98014,1
tm980981,1
tm98205,1
tm982302,1
tm98277,1
tm982870,1
tm9832,1
tm983428,1
tm983719,1
tm983760,1
tm983967,1
tm984318,1
tm98488,1
tm98508,1
tm985549,1
tm985635,1
tm987508,1
tm987509,1
tm988074,1
tm988109,1
tm989132,1
tm98935,1
tm99370,1
tm994417,1
tm99628,1
tm996338,1
tm996852,1
tm996853,1
tm996854,1
tm997728,1
tm998324,1
tm998830,1
tm99952,1
tm9997,1
tm999894,1
ts100921,
ts10095,
ts10152,
ts101691,
ts102079,
ts102148,
ts104295,
ts104318,
ts104794,
ts105025,
ts105412,
ts105686,
ts106444,
ts107109,
ts10750,
ts10822,
ts108762,
ts10932,
ts10978,
ts10979,
ts110041,
ts110062,
ts110124,
ts110978,
ts112341,
ts11276,
ts11313,
ts1136,
ts11478,
ts11600,
ts11807,
ts119123,
ts11945,
ts11963,
ts119952,
ts12,
ts12221,
ts125667,
ts127358,
ts13023,
ts13095,
ts13170,
ts13206,
ts13208,
ts133640,
ts13416,
ts134873,
ts13503,
ts13510,
ts13511,
ts13608,
ts13696,
ts14405,
ts14603,
ts14772,
ts1494,
ts150485,
ts15128,
ts15523,
ts160464,
ts16271,
ts16452,
ts1656,
ts16708,
ts16786,
ts16822,
ts16942,
ts17149,
ts17283,
ts175209,
ts17616,
ts17808,
ts17942,
ts18292,
ts1863,
ts186408,
ts186618,
ts186758,
ts187021,
ts187369,
ts188097,
ts189755,
ts19031,
ts190845,
ts190879,
ts191698,
ts19357,
ts1936,
ts19549,
ts19648,
ts2,
ts20028,
ts20054,
ts20063,
ts20079,
ts20095,
ts20109,
ts20113,
ts20233,
ts2024,
ts20246,
ts20249,
ts20255,
ts20275,
ts20287,
ts20294,
ts20303,
ts20349,
ts20371,
ts20381,
ts20383,
ts20391,
ts20400,
ts20420,
ts20425,
ts20436,
ts20440,
ts20445,
ts20521,
ts20529,
ts20536,
ts20562,
ts20566,
ts20574,
ts20587,
ts20599,
ts20603,
ts20618,
ts20624,
ts20647,
ts20654,
ts20661,
ts20680,
ts20694,
ts20698,
ts20701,
ts20732,
ts20735,
ts20760,
ts20850,
ts20906,
ts20926,
ts20952,
ts20962,
ts20986,
ts20995,
ts21034,
ts21035,
ts21041,
ts21061,
ts21078,
ts21101,
ts21140,
ts21149,
ts21184,
ts21218,
ts21294,
ts21302,
ts21320,
ts213221,
ts213237,
ts21324,
ts21421,
ts214241,
ts214307,
ts21438,
ts21440,
ts21447,
ts214743,
ts214806,
ts21482,
ts21484,
ts21507,
ts21517,
ts21526,
ts21532,
ts215493,
ts21561,
ts2158,
ts215918,
ts215922,
ts21601,
ts21621,
ts216284,
ts21650,
ts21652,
ts21654,
ts216716,
ts21680,
ts21692,
ts21698,
ts21707,
ts21745,
ts217463,
ts21749,
ts217567,
ts21766,
ts21776,
ts217763,
ts21788,
ts21792,
ts21804,
ts21805,
ts21806,
ts21860,
ts21873,
ts21884,
ts21887,
ts218901,
ts21965,
ts21966,
ts22027,
ts22037,
ts22047,
ts22050,
ts22060,
ts221078,
ts221305,
ts22133,
ts22135,
ts22171,
ts22181,
ts221890,
ts222,
ts22225,
ts22230,
ts22236,
ts22243,
ts22251,
ts22256,
ts222614,
ts22273,
ts222852,
ts223027,
ts22311,
ts22314,
ts22317,
ts223534,
ts223549,
ts22363,
ts223692,
ts22387,
ts22388,
ts224077,
ts224165,
ts224307,
ts224310,
ts22437,
ts224449,
ts224490,
ts22463,
ts22473,
ts224760,
ts22480,
ts22482,
ts22486,
ts225021,
ts225142,
ts225228,
ts225531,
ts225545,
ts225675,
ts225734,
ts225759,
ts225761,
ts226211,
ts226463,
ts226505,
ts226576,
ts227241,
ts227727,
ts22777,
ts228514,
ts229283,
ts229422,
ts229578,
ts229718,
ts229730,
ts229732,
ts230454,
ts231331,
ts231859,
ts235382,
ts235588,
ts235972,
ts236014,
ts236024,
ts23620,
ts236216,
ts236683,
ts236731,
ts236745,
ts236757,
ts236846,
ts236950,
ts237330,
ts237649,
ts237866,
ts238297,
ts238321,
ts240241,
ts245496,
ts249017,
ts249862,
ts249912,
ts251316,
ts251470,
ts251698,
ts251892,
ts251912,
ts251993,
ts252007,
ts252365,
ts252718,
ts252748,
ts252883,
ts253,
ts25314,
ts254551,
ts254845,
ts254885,
ts255297,
ts255476,
ts256052,
ts256059,
ts256269,
ts25656,
ts2578,
ts25803,
ts259396,
ts25944,
ts259441,
ts259471,
ts260121,
ts262860,
ts26499,
ts265296,
ts26754,
ts268250,
ts268290,
ts268680,
ts268861,
ts26916,
ts269281,
ts269458,
ts269513,
ts269640,
ts269658,
ts26966,
ts269843,
ts270720,
ts270943,
ts271031,
ts271202,
ts271532,
ts271602,
ts271614,
ts272273,
ts272275,
ts272300,
ts272563,
ts272567,
ts272570,
ts272765,
ts274307,
ts277036,
ts27809,
ts278961,
ts280528,
ts28066,
ts282096,
ts282223,
ts282847,
ts282909,
ts283228,
ts28425,
ts284709,
ts284834,
ts284927,
ts285781,
ts285858,
ts285915,
ts286151,
ts286348,
ts286622,
ts286749,
ts287083,
ts287233,
ts287327,
ts287708,
ts287795,
ts287833,
ts28806,
ts288175,
ts288189,
ts288382,
ts288948,
ts289262,
ts289333,
ts289341,
ts292381,
ts29302,
ts293391,
ts295147,
ts296148,
ts296257,
ts296447,
ts296776,
ts297092,
ts299270,
ts299834,
ts299856,
ts300392,
ts300471,
ts300937,
ts30164,
ts302054,
ts302256,
ts302761,
ts302787,
ts303730,
ts304071,
ts304558,
ts305355,
ts305872,
ts306096,
ts306106,
ts306128,
ts306190,
ts306641,
ts307655,
ts30782,
ts309567,
ts309677,
ts309856,
ts309949,
ts3139,
ts314211,
ts314732,
ts314835,
ts315522,
ts315742,
ts317434,
ts317682,
ts31788,
ts318051,
ts318521,
ts319023,
ts319290,
ts31957,
ts319758,
ts319915,
ts320111,
ts320124,
ts320280,
ts320289,
ts32076,
ts321908,
ts322477,
ts32276,
ts322917,
ts3255,
ts32574,
ts326096,
ts326828,
ts328261,
ts32835,
ts328458,
ts330312,
ts331418,
ts33361,
ts33574,
ts34087,
ts341605,
ts341778,
ts342280,
ts343663,
ts343723,
ts343848,
ts34475,
ts34517,
ts34554,
ts346141,
ts34727,
ts34731,
ts34950,
ts35201,
ts35391,
ts35552,
ts35721,
ts35726,
ts35766,
ts35803,
ts36073,
ts36416,
ts36418,
ts36446,
ts36687,
ts36879,
ts36883,
ts37055,
ts3707,
ts37136,
ts37645,
ts37709,
ts37860,
ts37914,
ts37956,
ts38071,
ts38121,
ts3823,
ts38383,
ts38712,
ts38716,
ts38720,
ts38785,
ts38802,
ts38803,
ts38806,
ts38855,
ts39013,
ts39062,
ts39398,
ts39582,
ts4000,
ts41158,
ts41257,
ts41275,
ts41277,
ts41319,
ts41487,
ts41505,
ts41509,
ts41570,
ts41827,
ts41898,
ts41920,
ts42017,
ts42041,
ts42088,
ts42169,
ts42172,
ts42256,
ts42285,
ts42623,
ts42980,
ts43212,
ts43915,
ts44191,
ts44876,
ts44928,
ts4518,
ts45253,
ts4567,
ts46210,
ts46320,
ts465,
ts47398,
ts4782,
ts5042,
ts51282,
ts51419,
ts53018,
ts53163,
ts53334,
ts53390,
ts53599,
ts53882,
ts54077,
ts54104,
ts55362,
ts55577,
ts55614,
ts55708,
ts56299,
ts5701,
ts57021,
ts57131,
ts57172,
ts57223,
ts57991,
ts580,
ts58115,
ts58137,
ts58273,
ts58311,
ts58408,
ts58470,
ts6190,
ts6410,
ts6457,
ts6589,
ts67396,
ts68187,
ts6889,
ts6936,
ts70536,
ts71362,
ts7179,
ts7318,
ts74636,
ts74703,
ts74799,
ts75230,
ts75234,
ts7580,
ts75952,
ts76053,
ts76135,
ts76165,
ts76184,
ts76330,
ts77107,
ts77142,
ts77165,
ts77242,
ts77594,
ts77618,
ts77695,
ts77698,
ts77705,
ts77765,
ts77892,
ts77979,
ts78064,
ts78121,
ts78322,
ts78726,
ts79014,
ts79023,
ts79113,
ts7916,
ts79258,
ts79367,
ts79392,
ts79396,
ts79402,
ts79424,
ts79427,
ts79504,
ts79516,
ts79537,
ts79722,
ts79780,
ts79875,
ts80189,
ts80283,
ts80537,
ts80656,
ts80729,
ts80759,
ts80817,
ts80953,
ts81095,
ts81184,
ts81277,
ts81384,
ts81426,
ts81460,
ts82034,
ts82045,
ts82051,
ts82377,
ts82391,
ts82423,
ts82542,
ts82747,
ts82750,
ts8297,
ts83208,
ts83267,
ts83292,
ts83355,
ts83433,
ts83827,
ts84205,
ts84322,
ts84351,
ts84394,
ts84626,
ts84633,
ts84649,
ts85185,
ts85393,
ts85699,
ts85715,
ts85815,
ts86017,
ts86068,
ts86106,
ts86177,
ts86524,
ts87041,
ts87071,
ts87074,
ts87128,
ts87176,
ts87179,
ts87180,
ts87244,
ts87383,
ts87495,
ts87542,
ts87563,
ts87642,
ts87692,
ts87763,
ts8782,
ts8790,
ts87930,
ts88031,
ts88127,
ts88422,
ts88479,
ts88632,
ts88633,
ts88636,
ts88675,
ts88761,
ts88915,
ts89040,
ts89059,
ts89179,
ts89481,
ts89532,
ts89581,
ts89675,
ts89867,
ts89875,
ts89911,
ts89983,
ts9006,
ts90217,
ts90289,
ts90624,
ts90742,
ts90946,
ts91056,
ts91061,
ts9245,
ts9246,
ts9273,
ts93045,
ts93125,
ts9325,
ts93304,
ts94292,
ts94864,
ts95323,
ts95325,
ts954,
ts9583,
ts9653,
ts99212,
ts9926,
ts9986,
